/*
MySQL Data Transfer
Source Host: localhost
Source Database: myoaec
Target Host: localhost
Target Database: myoaec
Date: 2016/10/13  22:19:17
*/

SET FOREIGN_KEY_CHECKS=0;
-- ----------------------------
-- Table structure for consultrecord
-- ----------------------------
DROP TABLE IF EXISTS `consultrecord`;
CREATE TABLE `consultrecord` (
  `id` int(11) NOT NULL AUTO_INCREMENT,
  `customId` int(11) NOT NULL,
  `consultStatu` char(1) NOT NULL,
  `consultManId` int(11) NOT NULL,
  `consultDate` date NOT NULL,
  `result` varchar(1000) DEFAULT NULL,
  PRIMARY KEY (`id`),
  KEY `customId` (`customId`),
  KEY `consultManId` (`consultManId`),
  CONSTRAINT `consultrecord_ibfk_1` FOREIGN KEY (`customId`) REFERENCES `custom` (`id`),
  CONSTRAINT `consultrecord_ibfk_2` FOREIGN KEY (`consultManId`) REFERENCES `employee` (`id`)
) ENGINE=InnoDB AUTO_INCREMENT=12 DEFAULT CHARSET=utf8;

-- ----------------------------
-- Table structure for custom
-- ----------------------------
DROP TABLE IF EXISTS `custom`;
CREATE TABLE `custom` (
  `id` int(11) NOT NULL AUTO_INCREMENT,
  `name` char(30) NOT NULL,
  `education` char(20) DEFAULT NULL,
  `phoneNo` char(11) NOT NULL,
  `qq` char(20) DEFAULT NULL,
  `email` char(30) DEFAULT NULL,
  `customStatu` char(1) NOT NULL,
  `createDate` date NOT NULL,
  `inviteName` char(30) DEFAULT NULL,
  PRIMARY KEY (`id`)
) ENGINE=InnoDB AUTO_INCREMENT=240 DEFAULT CHARSET=utf8;

-- ----------------------------
-- Table structure for custominfo
-- ----------------------------
DROP TABLE IF EXISTS `custominfo`;
CREATE TABLE `custominfo` (
  `id` int(11) NOT NULL AUTO_INCREMENT,
  `customId` int(11) NOT NULL,
  `followManId` int(11) NOT NULL,
  `statu` char(1) DEFAULT NULL,
  `startDate` date NOT NULL,
  `planDate` date DEFAULT NULL,
  `lastFollowDate` date DEFAULT NULL,
  `mark` varchar(1000) DEFAULT '',
  PRIMARY KEY (`id`),
  KEY `customId` (`customId`),
  KEY `followManId` (`followManId`),
  CONSTRAINT `custominfo_ibfk_1` FOREIGN KEY (`customId`) REFERENCES `custom` (`id`),
  CONSTRAINT `custominfo_ibfk_2` FOREIGN KEY (`followManId`) REFERENCES `employee` (`id`)
) ENGINE=InnoDB AUTO_INCREMENT=81 DEFAULT CHARSET=utf8;

-- ----------------------------
-- Table structure for department
-- ----------------------------
DROP TABLE IF EXISTS `department`;
CREATE TABLE `department` (
  `id` int(11) NOT NULL AUTO_INCREMENT,
  `dname` char(30) NOT NULL,
  PRIMARY KEY (`id`)
) ENGINE=InnoDB AUTO_INCREMENT=6 DEFAULT CHARSET=utf8;

-- ----------------------------
-- Table structure for employee
-- ----------------------------
DROP TABLE IF EXISTS `employee`;
CREATE TABLE `employee` (
  `id` int(11) NOT NULL AUTO_INCREMENT,
  `username` char(30) NOT NULL,
  `pass` char(120) NOT NULL,
  `nickname` char(30) NOT NULL,
  `realname` char(30) NOT NULL,
  `jobInfoId` int(11) NOT NULL,
  `departmentId` int(11) NOT NULL,
  `phoneNo` char(11) NOT NULL,
  `officeTel` char(11) DEFAULT NULL,
  `workStatu` char(1) DEFAULT '1',
  PRIMARY KEY (`id`),
  KEY `jobInfoId` (`jobInfoId`),
  KEY `departmentId` (`departmentId`),
  CONSTRAINT `employee_ibfk_1` FOREIGN KEY (`jobInfoId`) REFERENCES `jobinfo` (`id`),
  CONSTRAINT `employee_ibfk_2` FOREIGN KEY (`departmentId`) REFERENCES `department` (`id`)
) ENGINE=InnoDB AUTO_INCREMENT=119 DEFAULT CHARSET=utf8;

-- ----------------------------
-- Table structure for jobinfo
-- ----------------------------
DROP TABLE IF EXISTS `jobinfo`;
CREATE TABLE `jobinfo` (
  `id` int(11) NOT NULL AUTO_INCREMENT,
  `job` char(30) NOT NULL,
  `departmentId` int(11) NOT NULL,
  PRIMARY KEY (`id`),
  KEY `departmentId` (`departmentId`),
  CONSTRAINT `jobinfo_ibfk_1` FOREIGN KEY (`departmentId`) REFERENCES `department` (`id`)
) ENGINE=InnoDB AUTO_INCREMENT=10 DEFAULT CHARSET=utf8;

-- ----------------------------
-- Table structure for jobright
-- ----------------------------
DROP TABLE IF EXISTS `jobright`;
CREATE TABLE `jobright` (
  `id` int(11) NOT NULL AUTO_INCREMENT,
  `jobInfoId` int(11) NOT NULL,
  `rightId` int(11) NOT NULL,
  PRIMARY KEY (`id`),
  KEY `jobInfoId` (`jobInfoId`),
  KEY `rightId` (`rightId`),
  CONSTRAINT `jobright_ibfk_1` FOREIGN KEY (`jobInfoId`) REFERENCES `jobinfo` (`id`),
  CONSTRAINT `jobright_ibfk_2` FOREIGN KEY (`rightId`) REFERENCES `rights` (`rid`)
) ENGINE=InnoDB AUTO_INCREMENT=22 DEFAULT CHARSET=utf8;

-- ----------------------------
-- Table structure for resetpass
-- ----------------------------
DROP TABLE IF EXISTS `resetpass`;
CREATE TABLE `resetpass` (
  `id` int(11) NOT NULL AUTO_INCREMENT,
  `username` char(30) NOT NULL,
  `phoneNo` char(11) NOT NULL,
  PRIMARY KEY (`id`)
) ENGINE=InnoDB AUTO_INCREMENT=5 DEFAULT CHARSET=utf8;

-- ----------------------------
-- Table structure for rights
-- ----------------------------
DROP TABLE IF EXISTS `rights`;
CREATE TABLE `rights` (
  `rid` int(11) NOT NULL AUTO_INCREMENT,
  `rightName` char(40) NOT NULL,
  `rightType` char(1) NOT NULL,
  `url` char(30) DEFAULT NULL,
  `pid` int(11) NOT NULL,
  PRIMARY KEY (`rid`),
  KEY `pid` (`pid`),
  CONSTRAINT `rights_ibfk_1` FOREIGN KEY (`pid`) REFERENCES `rights` (`rid`)
) ENGINE=InnoDB AUTO_INCREMENT=35 DEFAULT CHARSET=utf8;

-- ----------------------------
-- Records 
-- ----------------------------
INSERT INTO `consultrecord` VALUES ('1', '100', '0', '108', '2016-10-01', ''), ('2', '101', '2', '108', '2016-10-02', '2016-10-06 : 测试,2016-10-13 : aaa'), ('3', '102', '2', '108', '2016-10-03', null), ('4', '103', '1', '108', '2016-10-04', '2016-10-06 : 测试3'), ('6', '104', '0', '102', '2016-10-08', null), ('7', '108', '0', '108', '2016-10-08', null), ('8', '175', '0', '102', '2016-10-13', null), ('9', '176', '0', '103', '2016-10-13', null), ('10', '177', '0', '103', '2016-10-13', null), ('11', '202', '0', '103', '2016-10-13', null);
INSERT INTO `custom` VALUES ('100', '李qq', '2', '11146655666', '18877779990', 'qq123456@163.com', '3', '2016-09-13', '张qq'), ('101', '李aa', '2', '11146655667', '28877779990', 'aa123456@163.com', '4', '2016-09-27', '张aa'), ('102', '李zz', '1', '11146655668', '38877779990', 'zz123456@163.com', '3', '2016-09-27', '张zz'), ('103', '李ww', '1', '14446655998', '48877779990', 'ww123456@163.com', '2', '2016-09-29', '张ww'), ('104', '李ss', '2', '15546655666', '58877779990', 'ss123456@163.com', '3', '2016-09-28', '张ss'), ('105', '李xx', '2', '16646655666', '68877779990', 'xx123456@163.com', '2', '2016-09-28', '张xx'), ('106', '李cc', '1', '17746655666', '78877779990', 'cc123456@163.com', '3', '2016-09-28', '张cc'), ('107', '李dd', '2', '18846655666', '88877779990', 'dd123456@163.com', '4', '2016-09-25', '张dd'), ('108', '李ee', '1', '19946655666', '98877779990', 'ee123456@163.com', '3', '2016-09-25', '张ee'), ('109', '李ff', '3', '11010655666', '10877779990', 'ff123456@163.com', '2', '2016-09-26', '张ff'), ('110', '李gg', '4', '11111655666', '11877779990', 'gg123456@163.com', '3', '2016-09-26', '张gg'), ('111', '章三三', '1', '13551255555', '', '', '4', '2016-10-03', ''), ('112', '李思思', '4', '13551255556', '', '', '2', '2016-10-03', ''), ('113', '王五', '1', '13551255557', '', '', '2', '2016-10-07', ''), ('114', '赵六', '2', '13551255558', '', '', '2', '2016-10-07', ''), ('115', '周七', '1', '13551255522', '', '', '2', '2016-10-09', ''), ('117', '李xy', '2', '11146655666', '18877779990', 'qq123456@163.com', '3', '0016-09-13', '张qq'), ('118', '李wu', '2', '11146655667', '28877779990', 'aa123456@163.com', '4', '0016-09-27', '张aa'), ('119', '李ab', '1', '11146655668', '38877779990', 'zz123456@163.com', '3', '0016-09-27', '张zz'), ('120', '赵X天', '1', '13551246666', '', '', '2', '2016-10-11', null), ('130', 'custom1', '1', '13551255589', '', '', '2', '2016-10-12', null), ('131', '刘一', '本科', '13551249919', '11111111', 'liuyi@163.com', '2', '2016-08-16', ''), ('132', '陈二', '本科', '13552149920', '11111112', 'chenre@qq.com', '2', '2016-08-16', ''), ('133', '张三', '本科', '13553049921', '11111113', 'zhnagsan@163.com', '2', '2016-08-17', ''), ('134', '李四', '本科', '13553949922', '11111114', 'lisi@qq.com', '2', '2016-08-17', ''), ('135', '王五', '本科', '13554849923', '11111115', 'wangwu@163.com', '2', '2016-08-18', ''), ('136', '赵六', '大专', '13555749924', '11111116', 'xhaoliu@qq.com', '2', '2016-08-18', ''), ('137', '孙七', '大专', '13556649925', '11111117', 'sunqi@163.com', '2', '2016-08-19', ''), ('138', '周八', '大专', '13557549926', '11111118', 'zhouba@qq.com', '2', '2016-08-19', ''), ('139', '吴九', '大专', '13558449927', '11111119', 'wujiu@163.com', '1', '2016-08-20', ''), ('140', '郑十', '大专', '13559349928', '11111120', 'zhengshi@qq.com', '1', '2016-08-20', ''), ('141', '许文星', '本科', '13560249929', '11111111', 'liuyi@163.com', '1', '2016-08-16', ''), ('142', '刘纯华', '本科', '13561149930', '11111112', 'chenre@qq.com', '1', '2016-08-16', ''), ('143', '杜海骏', '本科', '13562049931', '11111113', 'zhnagsan@163.com', '1', '2016-08-17', ''), ('144', '徐磊磊', '本科', '13562949932', '11111114', 'lisi@qq.com', '1', '2016-08-17', ''), ('145', '乔云飞', '本科', '13563849933', '11111115', 'wangwu@163.com', '1', '2016-08-18', ''), ('146', '魏茂磊', '大专', '13564749934', '11111116', 'xhaoliu@qq.com', '1', '2016-08-18', ''), ('147', '谌怡江', '大专', '13565649935', '11111117', 'sunqi@163.com', '1', '2016-08-19', ''), ('148', '焦润超', '大专', '13566549936', '11111118', 'zhouba@qq.com', '1', '2016-08-19', ''), ('149', '郑亮', '大专', '13567449937', '11111119', 'wujiu@163.com', '1', '2016-08-20', ''), ('150', '苏哲', '大专', '13568349938', '11111120', 'zhengshi@qq.com', '1', '2016-08-20', ''), ('151', '张悦', '本科', '13569249939', '11111121', 'wujiu@164.com', '1', '2016-08-20', ''), ('152', '廖颖', '本科', '13570149940', '11111122', 'zhengshi@qq.com', '1', '2016-08-20', ''), ('153', '陈柏君', '大专', '13571049941', '11111123', 'wujiu@165.com', '1', '2016-08-16', ''), ('154', '张谦', '大专', '13571949942', '11111124', 'zhengshi@qq.com', '2', '2016-08-16', ''), ('155', '董降龙', '大专', '13572849943', '11111125', 'wujiu@166.com', '2', '2016-08-17', ''), ('156', '庞东国', '大专', '13573749944', '11111126', 'zhengshi@qq.com', '1', '2016-08-17', ''), ('157', '孙嘉伸', '大专', '13574649945', '11111127', 'wujiu@167.com', '1', '2016-08-18', ''), ('158', '罗亮', '本科', '13575549946', '11111128', 'zhengshi@qq.com', '1', '2016-08-20', ''), ('159', '管祥凯', '大专', '13576449947', '11111129', 'wujiu@168.com', '1', '2016-08-16', ''), ('160', '肖承敏', '大专', '13577349948', '11111130', 'zhengshi@qq.com', '1', '2016-10-06', ''), ('161', '吴景昌', '大专', '13578249949', '11111131', 'wujiu@169.com', '1', '2016-10-07', ''), ('162', '史伟琪', '本科', '13579149950', '11111132', 'zhengshi@qq.com', '1', '2016-08-17', ''), ('163', '曹振鹏', '本科', '13580049951', '11111133', 'wujiu@170.com', '1', '2016-10-06', ''), ('164', '兰庚坤', '大专', '13580949952', '11111134', 'zhengshi@qq.com', '1', '2016-10-07', ''), ('165', '叶鹏', '大专', '13581849953', '11111135', 'wujiu@171.com', '1', '2016-10-06', ''), ('166', '钱辉杰', '大专', '13582749954', '11111136', 'zhengshi@qq.com', '1', '2016-10-07', ''), ('167', '张松', '大专', '13583649955', '11111137', 'wujiu@172.com', '1', '2016-10-06', ''), ('168', '张杰', '大专', '13584549956', '11111138', 'zhengshi@qq.com', '2', '2016-10-07', ''), ('169', '罗志君', '大专', '13585449957', '11111139', 'wujiu@173.com', '2', '2016-10-06', ''), ('170', '王懋林', '大专', '13586349958', '11111140', 'zhengshi@qq.com', '2', '2016-10-07', ''), ('171', '黄振寰', '大专', '13587249959', '11111141', 'wujiu@174.com', '1', '2016-10-06', ''), ('172', '金平', '本科', '13588149960', '11111142', 'zhengshi@qq.com', '1', '2016-10-07', ''), ('173', '卢昳晖', '本科', '13589049961', '11111143', 'wujiu@175.com', '1', '2016-10-06', ''), ('174', '王瑞广', '大专', '13589949962', '11111144', 'zhengshi@qq.com', '1', '2016-10-07', ''), ('175', '王嘉星', '大专', '13590849963', '11111145', 'wujiu@176.com', '3', '2016-10-06', ''), ('176', '冯坤', '大专', '13591749964', '11111146', 'zhengshi@qq.com', '3', '2016-10-07', ''), ('177', '邵飞', '大专', '13592649965', '11111147', 'wujiu@177.com', '3', '2016-08-18', ''), ('178', '周煜欣', '大专', '13593549966', '11111148', 'wujiu@177.com', '1', '2016-08-16', ''), ('179', '周松', '本科', '13594449967', '11111149', 'zhengshi@qq.com', '1', '2016-09-16', ''), ('180', '试试', '1', '13551255584', '', '', '2', '2016-10-13', null), ('181', '章翔', '本科', '13595349968', '11111150', 'wujiu@178.com', '1', '2016-09-17', ''), ('182', '范铁赢', '大专', '13596249969', '11111151', 'wujiu@178.com', '2', '2016-09-18', ''), ('183', '李洋', '大专', '13597149970', '11111152', 'zhengshi@qq.com', '2', '2016-09-19', ''), ('184', '赵燕', '大专', '13598049971', '11111153', 'wujiu@179.com', '2', '2016-09-20', ''), ('185', '王磊', '大专', '13598949972', '11111154', 'wujiu@179.com', '2', '2016-09-21', ''), ('186', '朱先生', '大专', '13599849973', '11111155', 'zhengshi@qq.com', '2', '2016-09-22', ''), ('187', '杜燕鹏', '大专', '13600749974', '11111156', 'wujiu@180.com', '2', '2016-09-23', ''), ('188', '李常州', '大专', '13601649975', '11111157', 'wujiu@180.com', '1', '2016-09-24', ''), ('189', '张子固', '大专', '13602549976', '11111158', 'zhengshi@qq.com', '1', '2016-09-25', ''), ('190', '王哲', '本科', '13603449977', '11111159', 'wujiu@181.com', '1', '2016-09-26', ''), ('191', '文斌', '本科', '13604349978', '11111160', 'wujiu@181.com', '1', '2016-09-27', ''), ('192', '张强', '大专', '13605249979', '11111161', 'zhengshi@qq.com', '1', '2016-09-28', ''), ('193', '叶平裕', '大专', '13606149980', '11111162', 'wujiu@182.com', '1', '2016-09-29', ''), ('194', '王辉', '大专', '13607049981', '11111163', 'wujiu@182.com', '1', '2016-09-30', ''), ('195', '李耀', '大专', '13607949982', '11111164', 'zhengshi@qq.com', '2', '2016-08-17', ''), ('196', '杨园园', '大专', '13608849983', '11111165', 'wujiu@183.com', '2', '2016-08-17', ''), ('197', '王惠梅', '大专', '13609749984', '11111166', 'zhengshi@qq.com', '2', '2016-08-18', ''), ('198', '严成龙', '大专', '13610649985', '11111167', 'wujiu@184.com', '2', '2016-08-17', ''), ('199', '谯林', '大专', '13611549986', '11111168', 'zhengshi@qq.com', '2', '2016-08-18', ''), ('200', '刘权', '大专', '13612449987', '11111169', 'wujiu@185.com', '2', '2016-08-16', ''), ('201', '孙嘉伸', '大专', '13613349988', '11111170', 'zhengshi@qq.com', '1', '2016-08-16', ''), ('202', '肖承敏', '本科', '13614249989', '11111171', 'wujiu@186.com', '3', '2016-08-17', ''), ('203', '曹振鹏', '本科', '13615149990', '11111172', 'zhengshi@qq.com', '0', '2016-08-17', ''), ('204', '钱辉杰', '大专', '13616049991', '11111173', 'wujiu@187.com', '1', '2016-08-18', ''), ('205', '罗志君', '大专', '13616949992', '11111174', 'zhengshi@qq.com', '2', '2016-08-17', ''), ('206', '金平', '大专', '13617849993', '11111175', 'wujiu@188.com', '2', '2016-08-18', ''), ('207', '王嘉星', '大专', '13618749994', '11111176', 'zhengshi@qq.com', '2', '2016-08-16', ''), ('208', '周煜欣', '大专', '13619649995', '11111177', 'wujiu@189.com', '2', '2016-08-16', ''), ('209', '范铁赢', '本科', '13620549996', '11111178', 'zhengshi@qq.com', '2', '2016-08-17', ''), ('210', '王磊', '本科', '13621449997', '11111179', 'wujiu@190.com', '1', '2016-08-17', ''), ('211', '李常州', '大专', '13622349998', '11111180', 'zhengshi@qq.com', '1', '2016-08-18', ''), ('212', '文斌', '大专', '13623249999', '11111181', 'wujiu@191.com', '2', '2016-08-17', ''), ('213', '王辉', '大专', '13624150000', '11111182', 'zhengshi@qq.com', '2', '2016-08-18', ''), ('214', '小李1', '大专', '13625050001', '11111183', 'wujiu@192.com', '2', '2016-08-19', ''), ('215', '小李2', '本科', '13625950002', '11111184', 'zhengshi@qq.com', '2', '2016-08-20', ''), ('216', '小李3', '本科', '13626850003', '11111185', 'wujiu@193.com', '1', '2016-08-21', ''), ('217', '小李4', '大专', '13627750004', '11111186', 'zhengshi@qq.com', '1', '2016-08-22', ''), ('218', '小李5', '大专', '13628650005', '11111187', 'wujiu@194.com', '1', '2016-08-23', ''), ('219', '小李6', '大专', '13629550006', '11111188', 'zhengshi@qq.com', '2', '2016-08-24', ''), ('220', '小李7', '大专', '13630450007', '11111189', 'wujiu@195.com', '2', '2016-08-25', ''), ('221', '小李8', '本科', '13631350008', '11111190', 'zhengshi@qq.com', '2', '2016-08-26', ''), ('222', '小李9', '本科', '13632250009', '11111191', 'wujiu@196.com', '2', '2016-08-27', ''), ('223', '小李10', '大专', '13633150010', '11111192', 'zhengshi@qq.com', '1', '2016-08-16', ''), ('224', '小李11', '大专', '13634050011', '11111193', 'wujiu@197.com', '1', '2016-08-17', ''), ('225', '小李12', '大专', '13634950012', '11111194', 'zhengshi@qq.com', '1', '2016-08-17', ''), ('226', '小李13', '大专', '13635850013', '11111195', 'wujiu@198.com', '2', '2016-08-18', ''), ('227', '小李14', '大专', '13636750014', '11111196', 'zhengshi@qq.com', '2', '2016-08-17', ''), ('228', '小李15', '本科', '13637650015', '11111197', 'wujiu@199.com', '2', '2016-08-18', ''), ('229', '小李16', '本科', '13638550016', '11111198', 'zhengshi@qq.com', '2', '2016-08-19', ''), ('230', '小李17', '大专', '13639450017', '11111199', 'wujiu@200.com', '1', '2016-08-20', ''), ('231', '小李18', '大专', '13640350018', '11111200', 'zhengshi@qq.com', '1', '2016-08-21', ''), ('232', '小李19', '大专', '13641250019', '11111201', 'wujiu@201.com', '1', '2016-08-22', ''), ('233', '小李20', '大专', '13642150020', '11111202', 'zhengshi@qq.com', '2', '2016-09-21', ''), ('234', '小李21', '本科', '13643050021', '11111203', 'wujiu@202.com', '2', '2016-09-22', ''), ('235', '小李22', '本科', '13643950022', '11111204', 'zhengshi@qq.com', '1', '2016-08-21', ''), ('236', '小李23', '大专', '13644850023', '11111205', 'wujiu@203.com', '2', '2016-08-22', ''), ('237', '小李24', '大专', '13645750024', '11111206', 'zhengshi@qq.com', '2', '2016-10-02', ''), ('238', '小李25', '大专', '13646650025', '11111207', 'wujiu@204.com', '2', '2016-10-02', ''), ('239', '等等', '2', '13551255552', '', '', '0', '2016-10-13', null);
INSERT INTO `custominfo` VALUES ('1', '100', '111', '1', '2016-10-01', '2016-10-14', '2016-10-13', '2016-10-12 : 手机关机了'), ('2', '101', '111', '1', '2016-10-01', '2016-10-13', '2016-10-13', '2016-10-13 : dddddddd'), ('3', '102', '111', '1', '2016-10-02', '2016-10-04', '2016-10-06', null), ('4', '103', '111', '3', '2016-10-02', '2016-10-04', '2016-10-06', null), ('5', '104', '111', '3', '2016-10-04', '2016-10-05', '2016-10-06', ''), ('6', '105', '111', '4', '2016-10-01', null, '2016-10-05', ''), ('7', '107', '111', '5', '2016-10-04', null, null, null), ('8', '108', '111', '3', '2016-10-05', '2016-10-04', '2016-10-05', '2016-10-05测试3'), ('9', '109', '111', '4', '2016-10-05', null, '2016-10-06', '2016-10-05:test,2016-10-05:test2'), ('10', '111', '111', '4', '2016-10-07', null, '2016-10-07', ''), ('11', '112', '111', '0', '2016-10-07', '2016-10-13', '2016-10-12', ''), ('12', '113', '111', '0', '2016-10-07', null, '2016-10-07', ''), ('13', '114', '111', '0', '2016-10-07', null, null, ''), ('16', '113', '111', '0', '2016-10-07', null, null, ''), ('17', '114', '111', '0', '2016-10-07', null, null, ''), ('26', '130', '104', '1', '2016-10-12', '2016-10-13', '2016-10-12', ',2016-10-12 : 未接通'), ('27', '130', '110', '0', '2016-10-13', null, null, ''), ('28', '131', '110', '0', '2016-10-13', null, null, ''), ('29', '132', '110', '0', '2016-10-13', null, null, ''), ('30', '133', '110', '0', '2016-10-13', null, null, ''), ('31', '134', '111', '0', '2016-10-13', '2016-10-19', '2016-10-13', ''), ('32', '135', '111', '0', '2016-10-13', null, null, ''), ('33', '136', '111', '0', '2016-10-13', null, null, ''), ('34', '137', '111', '0', '2016-10-13', null, null, ''), ('35', '138', '113', '0', '2016-10-13', null, null, ''), ('36', '154', '113', '0', '2016-10-13', null, null, ''), ('37', '155', '113', '0', '2016-10-13', null, null, ''), ('38', '168', '113', '0', '2016-10-13', null, null, ''), ('39', '136', '110', '0', '2016-10-13', null, null, ''), ('40', '137', '113', '0', '2016-10-13', null, null, ''), ('41', '138', '113', '0', '2016-10-13', null, null, ''), ('42', '154', '111', '0', '2016-10-13', null, null, ''), ('43', '155', '110', '0', '2016-10-13', null, null, ''), ('44', '168', '110', '0', '2016-10-13', null, null, ''), ('45', '169', '110', '0', '2016-10-13', null, null, ''), ('46', '170', '113', '0', '2016-10-13', null, null, ''), ('47', '180', '110', '0', '2016-10-13', null, null, ''), ('48', '182', '110', '0', '2016-10-13', null, null, ''), ('49', '183', '110', '0', '2016-10-13', null, null, ''), ('50', '184', '110', '0', '2016-10-13', null, null, ''), ('51', '185', '110', '0', '2016-10-13', null, null, ''), ('52', '186', '110', '0', '2016-10-13', null, null, ''), ('53', '187', '110', '0', '2016-10-13', null, null, ''), ('54', '195', '110', '0', '2016-10-13', null, null, ''), ('55', '196', '110', '0', '2016-10-13', null, null, ''), ('56', '197', '110', '0', '2016-10-13', null, null, ''), ('57', '198', '110', '0', '2016-10-13', null, null, ''), ('58', '199', '111', '0', '2016-10-13', null, null, ''), ('59', '200', '111', '0', '2016-10-13', null, null, ''), ('60', '206', '111', '0', '2016-10-13', null, null, ''), ('61', '207', '111', '0', '2016-10-13', null, null, ''), ('62', '208', '111', '0', '2016-10-13', null, null, ''), ('63', '212', '111', '0', '2016-10-13', null, null, ''), ('64', '213', '111', '0', '2016-10-13', null, null, ''), ('65', '214', '111', '0', '2016-10-13', null, null, ''), ('66', '215', '111', '0', '2016-10-13', null, null, ''), ('67', '219', '111', '0', '2016-10-13', null, null, ''), ('68', '220', '111', '0', '2016-10-13', null, null, ''), ('69', '221', '113', '0', '2016-10-13', null, null, ''), ('70', '222', '113', '0', '2016-10-13', null, null, ''), ('71', '226', '113', '0', '2016-10-13', null, null, ''), ('72', '227', '113', '0', '2016-10-13', null, null, ''), ('73', '228', '113', '0', '2016-10-13', null, null, ''), ('74', '229', '113', '0', '2016-10-13', null, null, ''), ('75', '233', '113', '0', '2016-10-13', null, null, ''), ('76', '234', '113', '0', '2016-10-13', null, null, ''), ('77', '236', '113', '0', '2016-10-13', null, null, ''), ('78', '237', '113', '0', '2016-10-13', null, null, ''), ('79', '238', '113', '0', '2016-10-13', null, null, ''), ('80', '239', '106', '0', '2016-10-13', null, null, '');
INSERT INTO `department` VALUES ('1', '技术部'), ('2', '销售部'), ('3', '线上咨询部'), ('4', '线下咨询部'), ('5', '销售支持部');
INSERT INTO `employee` VALUES ('100', 'superadmin@oaec.com', '299bbc6453f96d5cb3e91f389a2df191748fb32623c293eeabec236f3184c468', 'superAdmin', '超级管理员', '1', '1', '13551255588', '61196200', '1'), ('101', 'admin@oaec.com', 'c61bfc278c72560e5cc3a7d44154b6e3d2dfabebae62c97bd16b8d651c23eeac', '管理员', '管理员', '2', '1', '12222222222', '22222222222', '1'), ('102', 'zz123456@qq.com', 'c61bfc278c72560e5cc3a7d44154b6e3d2dfabebae62c97bd16b8d651c23eeac', 'zz', '雏田', '3', '4', '13333333333', '33333333333', '1'), ('103', 'ww123456@qq.com', 'c61bfc278c72560e5cc3a7d44154b6e3d2dfabebae62c97bd16b8d651c23eeac', 'ww', '天天', '3', '4', '14444444444', '44444444444', '1'), ('104', 'ss123456@qq.com', 'c61bfc278c72560e5cc3a7d44154b6e3d2dfabebae62c97bd16b8d651c23eeac', 'ss', '宁次', '5', '3', '15555555555', '55555555555', '1'), ('105', 'onlineManager6@oaec.com', 'c61bfc278c72560e5cc3a7d44154b6e3d2dfabebae62c97bd16b8d651c23eeac', 'onlineManager', '网络咨询主管', '6', '3', '16666666666', '66666666666', '1'), ('106', 'online@oaec.com', 'c61bfc278c72560e5cc3a7d44154b6e3d2dfabebae62c97bd16b8d651c23eeac', 'onlineConsult', '卡卡西', '5', '3', '17777777777', '77777777777', '1'), ('107', 'dd123456@qq.com', 'c61bfc278c72560e5cc3a7d44154b6e3d2dfabebae62c97bd16b8d651c23eeac', 'dd', '木叶丸', '5', '3', '18888888888', '88888888888', '1'), ('108', 'consulter@oaec.com', 'c61bfc278c72560e5cc3a7d44154b6e3d2dfabebae62c97bd16b8d651c23eeac', 'Consulter', '纲手', '3', '4', '19999999999', '99999999999', '1'), ('109', 'consultmanager@oaec.com', 'c61bfc278c72560e5cc3a7d44154b6e3d2dfabebae62c97bd16b8d651c23eeac', 'consultManager', '咨询师主管', '4', '4', '10101010101', '12345678910', '1'), ('110', 'qq1111111@qq.com', 'c61bfc278c72560e5cc3a7d44154b6e3d2dfabebae62c97bd16b8d651c23eeac', 'jj', '佐助', '8', '2', '1112222333', '98765432100', '1'), ('111', 'saler@oaec.com', 'c61bfc278c72560e5cc3a7d44154b6e3d2dfabebae62c97bd16b8d651c23eeac', 'saler', '鸣人', '8', '2', '13551445369', '62200696', '1'), ('113', '666666@qq.com', 'c61bfc278c72560e5cc3a7d44154b6e3d2dfabebae62c97bd16b8d651c23eeac', 'OAEC20', '小李', '8', '2', '13551255566', '61196201', '1'), ('114', 'salesmanager@oaec.com', 'c61bfc278c72560e5cc3a7d44154b6e3d2dfabebae62c97bd16b8d651c23eeac', 'salesManger', '电销主管', '9', '2', '13551255588', '61196209', '1'), ('115', 'assistant@oaec.com', 'c61bfc278c72560e5cc3a7d44154b6e3d2dfabebae62c97bd16b8d651c23eeac', 'Assistant', '销售助理', '7', '5', '13551269999', '61196289', '1'), ('117', 'qq5555@.com', 'c61bfc278c72560e5cc3a7d44154b6e3d2dfabebae62c97bd16b8d651c23eeac', 'OAEC892', '孙菲菲', '2', '1', '13551255599', '61196211', '1'), ('118', 'qq12345@163.com', 'c61bfc278c72560e5cc3a7d44154b6e3d2dfabebae62c97bd16b8d651c23eeac', 'OAEC139', '方法', '5', '3', '13551255533', '61196288', '1');
INSERT INTO `jobinfo` VALUES ('1', '超级管理员', '1'), ('2', '管理员', '1'), ('3', '咨询师', '4'), ('4', '咨询师主管', '4'), ('5', '网络咨询', '3'), ('6', '网络咨询主管', '3'), ('7', '销售助理', '5'), ('8', '销售员', '2'), ('9', '销售主管', '2');
INSERT INTO `jobright` VALUES ('1', '1', '2'), ('2', '1', '3'), ('3', '2', '2'), ('4', '3', '3'), ('5', '3', '6'), ('6', '3', '9'), ('7', '4', '6'), ('8', '4', '7'), ('9', '5', '4'), ('10', '5', '5'), ('11', '5', '3'), ('12', '5', '9'), ('13', '6', '5'), ('14', '6', '7'), ('15', '7', '3'), ('16', '7', '4'), ('17', '8', '3'), ('18', '8', '5'), ('19', '8', '9'), ('20', '9', '5'), ('21', '9', '7');
INSERT INTO `resetpass` VALUES ('4', 'assistant@oaec.com', '13551269999');
INSERT INTO `rights` VALUES ('1', '权限管理', '1', 'rightmanage.jsp', '1'), ('2', '账号管理', '1', 'usermanage.jsp', '2'), ('3', '报表管理', '1', 'report.jsp', '3'), ('4', '客户资料', '1', 'customdata.jsp', '4'), ('5', '客户开发', '1', 'customdev.jsp', '5'), ('6', '客户咨询', '1', 'customconsult.jsp', '6'), ('7', '部门管理', '1', 'department.jsp', '7'), ('8', '职位管理', '1', 'jobmanage.jsp', '8'), ('9', '统计数据', '1', 'count.jsp', '9'), ('10', '新增权限', '2', null, '1'), ('11', '查询所有权限', '2', null, '1'), ('12', '添加管理员账号', '2', null, '2'), ('13', '账号权限管理', '2', null, '2'), ('14', '删除管理员账号', '2', null, '2'), ('15', '添加普通用户账号', '2', null, '2'), ('16', '注销普通用户账号', '2', null, '2'), ('17', '重置用户密码', '2', null, '2'), ('18', '查看所有员工', '2', null, '2'), ('19', '添加客户信息', '2', null, '4'), ('20', '修改客户信息', '2', null, '4'), ('21', '分配客户', '2', null, '4'), ('22', '查看所有状态客户开发信息', '2', null, '5'), ('23', '修改指定客户开发信息', '2', null, '5'), ('24', '查看部门员工客户开发信息', '2', null, '5'), ('25', '查看所有状态的客户咨询信息', '2', null, '6'), ('26', '条件查询客户开发信息', '2', null, '5'), ('27', '条件查询客户咨询信息', '2', null, '6'), ('28', '查看部门员工信息', '2', null, '7'), ('30', '查看客户开发统计数据', '2', null, '9'), ('31', '查看客户咨询统计数据', '2', null, '9'), ('32', '职位权限设置', '2', null, '1'), ('33', '删除权限', '2', null, '1'), ('34', '修改权限', '2', null, '1');
